01_Elephantine	Elephantine
03_Essene	Essene
02_Samaritan	Samaritan
04_Leontopolis	Leontopolis
05_Sadducee	Sadducee
06_Ebionite	Ebionite
07_Manichaean	Manichaean
08_Basilidian	Basilidian
09_Marcionite	Marcionite
10_Montanist	Montanist
11_Valentinian	Valentinian
12_Bardesaite	Bardesaite
13_Donatist	Donatist
14_Arian	Arian
15_Palestinian	Palestinian
16_Assyrian	Assyrian
17_Coptic	Coptic
18_Syrian	Syrian
19_Armenian	Armenian
20_Karaite	Karaite
21_Patarene	Patarene
22_WestPaulician	WestPaulician
23_EastPaulician	EastPaulician
24_Eastern	Eastern
25_Roman	Roman
26_Romaniot	Romaniot
27_Yemenite	Yemenite
28_Waldensian	Waldensian
29_Lollard	Lollard
30_Moravian	Moravian
31_Ultraquist	Ultraquist
32_Hutterite	Hutterite
33_PolishUnitarian	PolishUnitarian
34_TransylvaniaUnitarian	TransylvaniaUnitarian
35_DutchReformed	DutchReformed
36_Remonstrant	Remonstrant
37_SwissReformed	SwissReformed
38_GeneralBaptist	GeneralBaptist
39_SeventhDayBaptist	7thDayBaptist
40_Sephardic	Sephardic
41_Shabbatean	Shabbatean
42_Yakubi	Yakubi
43_AssociatePresbyterian	AssocPresbyt
44_ReformedPresbyterian	ReformedPresbyt
45_Mennonite	Mennonite
46_Fedoseevtsy	Fedoseevtsy
47_GermanBaptist	GermanBaptist
48_Doukhobor	Doukhobor
49_EasternOrthodox	EasternOrthodox
50_Kapanci	Kapanci
51_RegularBaptist	RegularBaptist
52_SeparateBaptist	SeparateBaptist
53_Shaker	Shaker
54_Filippovtsy	Filippovtsy
55_Pomortsy	Pomortsy
56_Frankist	Frankist
57_Karakas	Karakas
58_CalvinistMethodist	CalvinMethodist
59_Universalist	Universalist
60_BritishUnitarian	BritishUnitarian
61_Mitnagged	Mitnagged
62_Belokrinitsy	Belokrinitsy
63_Chasovennye	Chasovennye
64_Bratslav	Bratslav
65_Chernobyl	Chernobyl
66_Habad	Habad
67_Kaliv	Kaliv
68_Komarno	Komarno
69_Munkatsch	Munkatsch
70_Sighet	Sighet
71_AfricanMethodist	AfricanMethodist
72_PrimitiveMethodist	PrimitiveMethodist
73_CumberlandPresbyterian	CumberlandPresbyt
74_OtherBaptist	OtherBaptist
75_StrictBaptist	StrictBaptist
76_AmericanUnitarian	AmericanUnitarian
77_Congregationalist	Congregationalist
78_PrimitiveBaptist	PrimitiveBaptist
79_Karlin	Karlin
80_Slonim	Slonim
81_Hicksite	Hicksite
82_Anglican	Anglican
83_MethodistProtestant	MethodistProtestant
84_Belz	Belz
85_Radomsk	Radomsk
86_Gurneyite	Gurneyite
87_OtherQuaker	OtherQuaker
88_FreeKirk	FreeKirk
89_OtherPresbyterian	OtherPresbyt
90_WesleyanMethodist	WesleyanMethodist
91_SouthernMethodist	SouthernMethodist
92_NorthernBaptist	NorthernBaptist
93_Radzin	Radzin
94_AgeToCome	AgeToCome
95_EvangelicalAdventist	EvangAdventist
96_FreeMethodist	FreeMethodist
97_AdventChristian	AdventChristian
98_LifeAdvent	Life&Advent
99_AmericanReform	AmericanReform
100_EuropeanReform	EuropeanReform
101_NeoOrthodox	NeoOrthodox
102_Orthodox	Orthodox
103_COGSD	COG7D
104_SeventhDayAdventist	7thDayAdventist
105_Sadagora	Sadagora
106_Vizhnits	Vizhnits
107_Confessionalist	Confessionalist
108_FreeLutheranIceland	FreeLutheranIceland
109_FreeLutheranNorway	FreeLutheranNorway
110_Laestadian	Laestadian
111_MissionCovenant	MissionCovenant
112_OldCatholic	OldCatholic
113_OtherMethodist	OtherMethodist
114_SalvationArmy	SalvationArmy
115_ExclusiveBrethren	ExclusiveBrethren
116_OpenBrethren	OpenBrethren
117_LandmarkBaptist	LandmarkBaptist
118_NewAmish	NewAmish
119_OldAmish	OldAmish
120_SouthernBaptist	SouthernBaptist
121_Aleksander	Aleksander
122_Otwock	Otwock
123_Catholic	Catholic
124_IndianShaker	IndianShaker
125_Bobov	Bobov
126_Sandz	Sandz
127_MethodistPentecostal	MethodistPentecost
128_Nazarene	Nazarene
129_NorthernMethodist	NorthernMethodist
130_Ger	Ger
131_Sokhachev	Sokhachev
132_SecondWork	SecondWork
133_Zionist	Zionist
134_FinishedWork	FinishedWork
135_Oneness	Oneness
01_Kaysani	Kaysani
02_Azraqi	Azraqi
03_Ibadi	Ibadi
04_Sufri	Sufri
05_KhorramDinan	KhorramDinan
06_Bajaliyya	Bajaliyya
07_Maliki	Maliki
08_Zahiri	Zahiri
09_Alawi	Alawi
10_Ishaqi	Ishaqi
11_Nasiri	Nasiri
12_Qarmatian	Qarmatian
13_Druze	Druze
14_Husayni	Husayni
15_Mutarrifi	Mutarrifi
16_Qasimi	Qasimi
17_Hafizi	Hafizi
18_Muhammadshahi	Muhammadshahi
19_AhliHaqq	AhliHaqq
20_Imamshahi	Imamshahi
21_Qasimshahi	Qasimshahi
22_Akhbari	Akhbari
23_Alevi	Alevi
24_Sulaymani	Sulaymani
25_OtherHanbali	OtherHanbali
26_Wahhabi	Wahhabi
27_Daudi	Daudi
28_Hibtia	Hibtia
29_Alia	Alia
30_Nagoshia	Nagoshia
31_Faraizi	Faraizi
32_Usuli	Usuli
33_Azali	Azali
34_Bahai	Bahai
35_AhliHadith	AhliHadith
36_Aligarh	Aligarh
37_Barelwi	Barelwi
38_Deobandi	Deobandi
39_Jadid	Jadid
40_Ansar	Ansar
41_OtherShafii	OtherShafii
42_OtherHanafi	OtherHanafi
43_Salafi	Salafi
44_Lahore	Lahore
45_Qadiani	Qadiani
01_Ajivika	Ajivika
02_Vaikhanasa	Vaikhanasa
03_Gokulika	Gokulika
04_Lokottaravada	Lokottaravada
05_Kasyapiya	Kasyapiya
06_Mahisasaka	Mahisasaka
07_Mahasamghika	Mahasamghika
08_Sammatiya	Sammatiya
09_Vatsiputriya	Vatsiputriya
10_Aparasaila	Aparasaila
11_Purvasaila	Purvasaila
12_Rajagirika	Rajagirika
13_Siddharthika	Siddharthika
14_Yapaniya	Yapaniya
15_Saura	Saura
16_Abhayagiri	Abhayagiri
17_Jetavaniya	Jetavaniya
18_Mazdakite	Mazdakite
19_Kyo	Kyo
20_Sanjiejiao	Sanjiejiao
21_NorthernChan	NorthernChan
22_Hosso	Hosso
23_Kegon	Kegon
24_Ritsu	Ritsu
25_Siddhanta	Siddhanta
26_Soto	Soto
27_Pasupata	Pasupata
28_Sarvastivada	Sarvastivada
29_Aghori	Aghori
30_Krama	Krama
31_Nath	Nath
32_Srividya	Srividya
33_Trika	Trika
34_Tiantai	Tiantai
35_WhiteLotus	WhiteLotus
36_Nyingmapa	Nyingmapa
37_Sakyapa	Sakyapa
38_Kagyupa	Kagyupa
39_Shingon	Shingon
40_Tachikawaryu	Tachikawaryu
41_Kalamukha	Kalamukha
42_Virasaiva	Virasaiva
43_Chorakuji	Chorakuji
44_Mahanubhava	Mahanubhava
45_Gaudiya	Gaudiya
46_Mahdva	Mahdva
47_Nimanda	Nimanda
48_Radhavallabhi	Radhavallabhi
49_Tendai	Tendai
50_Ji	Ji
51_Seizan	Seizan
52_Fuji	Fuji
53_Seon	Seon
54_Chinzei	Chinzei
55_Shin	Shin
56_Kadmi	Kadmi
57_Shenshai	Shenshai
58_Tenkalai	Tenkalai
59_Vatakalai	Vatakalai
60_Gelukpa	Gelukpa
61_Kadampa	Kadampa
62_Obaku	Obaku
63_Rinzai	Rinzai
64_Varkari	Varkari
65_Fujufuse	Fujufuse
66_Itchi	Itchi
67_Shoretsu	Shoretsu
68_TaranSvami	TaranSvami
69_Dadupanth	Dadupanth
70_Raidasi	Raidasi
71_Ramanandi	Ramanandi
72_Murtipujaka	Murtipujaka
73_Udasi	Udasi
74_Bisapanthi	Bisapanthi
75_DTerapanthi	DTerapanthi
76_STerapanthi	STerapanthi
77_Sthanakvasi	Sthanakvasi
78_Namdhari	Namdhari
79_TatKhalsa	TatKhalsa
80_OtherMahanikaya	OtherMahanikaya
81_Thudhamma	Thudhamma
82_Vallabha	Vallabha
83_ThaiMahanikaya	ThaiMahanikaya
84_Thammayut	Thammayut
85_Nirankari	Nirankari
86_Sanatan	Sanatan
87_Kabirpanth	Kabirpanth
88_Radhasoami	Radhasoami
89_Ramanna	Ramanna
90_SiyamNikaya	SiyamNikaya
91_AryaSamaj	AryaSamaj
92_NeoVedanta	NeoVedanta
93_Smarta	Smarta
94_BAPS	BAPS
95_OtherSwaminarayan	OtherSwaminarayan
